was succesful, reward, actual ca, target ca, runs completed
1,-91.765,0.39,20,1
1,-91.762,0.4,20,1
1,-91.862,0.39999999999999997,20,1
1,-91.867,0.34,20,1
1,-91.857,0.41000000000000003,20,1
1,-79.788,2.33,20,1
