was succesful, reward, actual ca, target ca, runs completed
0,-20.1180000000000
1,5.49,20,1
0,-91.708,0.43,20,2
0,52.24799999999996,8.67,20,3
0,-68.869,3.19,20,4
